<ROOT>
<EnqCC_ENQ_COUNTS>
  <ROW num="1">
    <ADDR>0</ADDR>
    <ADMORDS>0</ADMORDS>
    <COLLECTIONS>0</COLLECTIONS>
    <DMATCHES>1</DMATCHES>
    <JUDGE>0</JUDGE>
    <NOTICES>0</NOTICES>
    <PMATCHES>0</PMATCHES>
    <PREV_ENQ>15</PREV_ENQ>
    <TPHONE>0</TPHONE>
    <EMPLOYERS>0</EMPLOYERS>
    <FRAUDALERT>0</FRAUDALERT>
    <CPACC>0</CPACC>
    <NLRACC>0</NLRACC>
    <PUB_DEF>0</PUB_DEF>
    <CS_ADVERSE>0</CS_ADVERSE>
  </ROW>
</EnqCC_ENQ_COUNTS>
<EnqCC_HP></EnqCC_HP><EnqCC_DMATCHES>
  <ROW num="1">
    <ID_NUMBER>1010101010104</ID_NUMBER>
    <COUNTRY_CODE>South Africa</COUNTRY_CODE>
    <NAME>Test</NAME>
    <SURNAME>Test</SURNAME>
    <STATUS>Unverified</STATUS>
    <DECEASED_DATE></DECEASED_DATE>
  </ROW>
</EnqCC_DMATCHES>
<EnqCC_PREVENQ>
  <ROW num="1">
    <ENQUIRY_DATE>11-10-2021 21:13</ENQUIRY_DATE>
    <BRANCH_NAME>Intellicell</BRANCH_NAME>
    <CONTACT_PERSON>The Manger</CONTACT_PERSON>
    <TELEPHONE_NUMBER>(0861) 114 246</TELEPHONE_NUMBER>
  </ROW>
  <ROW num="2">
    <ENQUIRY_DATE>11-10-2021 19:54</ENQUIRY_DATE>
    <BRANCH_NAME>Intellicell</BRANCH_NAME>
    <CONTACT_PERSON>The Manger</CONTACT_PERSON>
    <TELEPHONE_NUMBER>(0861) 114 246</TELEPHONE_NUMBER>
  </ROW>
  <ROW num="3">
    <ENQUIRY_DATE>11-10-2021 13:09</ENQUIRY_DATE>
    <BRANCH_NAME>Intellicell</BRANCH_NAME>
    <CONTACT_PERSON>The Manger</CONTACT_PERSON>
    <TELEPHONE_NUMBER>(0861) 114 246</TELEPHONE_NUMBER>
  </ROW>
  <ROW num="4">
    <ENQUIRY_DATE>11-10-2021 12:57</ENQUIRY_DATE>
    <BRANCH_NAME>Intellicell</BRANCH_NAME>
    <CONTACT_PERSON>The Manger</CONTACT_PERSON>
    <TELEPHONE_NUMBER>(0861) 114 246</TELEPHONE_NUMBER>
  </ROW>
  <ROW num="5">
    <ENQUIRY_DATE>11-10-2021 12:20</ENQUIRY_DATE>
    <BRANCH_NAME>Intellicell</BRANCH_NAME>
    <CONTACT_PERSON>The Manger</CONTACT_PERSON>
    <TELEPHONE_NUMBER>(0861) 114 246</TELEPHONE_NUMBER>
  </ROW>
  <ROW num="6">
    <ENQUIRY_DATE>11-10-2021 12:14</ENQUIRY_DATE>
    <BRANCH_NAME>Intellicell</BRANCH_NAME>
    <CONTACT_PERSON>The Manger</CONTACT_PERSON>
    <TELEPHONE_NUMBER>(0861) 114 246</TELEPHONE_NUMBER>
  </ROW>
  <ROW num="7">
    <ENQUIRY_DATE>11-10-2021 11:16</ENQUIRY_DATE>
    <BRANCH_NAME>Intellicell</BRANCH_NAME>
    <CONTACT_PERSON>The Manger</CONTACT_PERSON>
    <TELEPHONE_NUMBER>(0861) 114 246</TELEPHONE_NUMBER>
  </ROW>
  <ROW num="8">
    <ENQUIRY_DATE>11-10-2021 10:00</ENQUIRY_DATE>
    <BRANCH_NAME>Intellicell</BRANCH_NAME>
    <CONTACT_PERSON>The Manger</CONTACT_PERSON>
    <TELEPHONE_NUMBER>(0861) 114 246</TELEPHONE_NUMBER>
  </ROW>
  <ROW num="9">
    <ENQUIRY_DATE>04-08-2021 12:27</ENQUIRY_DATE>
    <BRANCH_NAME>Intellicell</BRANCH_NAME>
    <CONTACT_PERSON>The Manger</CONTACT_PERSON>
    <TELEPHONE_NUMBER>(0861) 114 246</TELEPHONE_NUMBER>
  </ROW>
  <ROW num="10">
    <ENQUIRY_DATE>30-06-2021 17:56</ENQUIRY_DATE>
    <BRANCH_NAME>Intellicell</BRANCH_NAME>
    <CONTACT_PERSON>The Manger</CONTACT_PERSON>
    <TELEPHONE_NUMBER>(0861) 114 246</TELEPHONE_NUMBER>
  </ROW>
  <ROW num="11">
    <ENQUIRY_DATE>30-06-2021 17:56</ENQUIRY_DATE>
    <BRANCH_NAME>Intellicell</BRANCH_NAME>
    <CONTACT_PERSON>The Manger</CONTACT_PERSON>
    <TELEPHONE_NUMBER>(0861) 114 246</TELEPHONE_NUMBER>
  </ROW>
  <ROW num="12">
    <ENQUIRY_DATE>30-06-2021 17:51</ENQUIRY_DATE>
    <BRANCH_NAME>Intellicell</BRANCH_NAME>
    <CONTACT_PERSON>The Manger</CONTACT_PERSON>
    <TELEPHONE_NUMBER>(0861) 114 246</TELEPHONE_NUMBER>
  </ROW>
  <ROW num="13">
    <ENQUIRY_DATE>30-06-2021 17:51</ENQUIRY_DATE>
    <BRANCH_NAME>Intellicell</BRANCH_NAME>
    <CONTACT_PERSON>The Manger</CONTACT_PERSON>
    <TELEPHONE_NUMBER>(0861) 114 246</TELEPHONE_NUMBER>
  </ROW>
  <ROW num="14">
    <ENQUIRY_DATE>30-06-2021 17:51</ENQUIRY_DATE>
    <BRANCH_NAME>Intellicell</BRANCH_NAME>
    <CONTACT_PERSON>The Manger</CONTACT_PERSON>
    <TELEPHONE_NUMBER>(0861) 114 246</TELEPHONE_NUMBER>
  </ROW>
  <ROW num="15">
    <ENQUIRY_DATE>30-06-2021 17:51</ENQUIRY_DATE>
    <BRANCH_NAME>Intellicell</BRANCH_NAME>
    <CONTACT_PERSON>The Manger</CONTACT_PERSON>
    <TELEPHONE_NUMBER>(0861) 114 246</TELEPHONE_NUMBER>
  </ROW>
</EnqCC_PREVENQ>
<EnqCC_SRCHCRITERIA>
  <ROW num="1">
    <CRIT_IDNUMBER>1010101010104</CRIT_IDNUMBER>
    <CRIT_NAME>Test  </CRIT_NAME>
    <CRIT_SURNAME>Test</CRIT_SURNAME>
    <ENQ_CNT_NAME>South Africa</ENQ_CNT_NAME>
    <ENQ_DATE>2021-10-18 10:39:30</ENQ_DATE>
    <DOB>1982-09-14</DOB>
    <GENDER>MALE</GENDER>
    <PASSPORT_FLAG>NO</PASSPORT_FLAG>
    <ADDRESS>    </ADDRESS>
    <LOAN_AMOUNT></LOAN_AMOUNT>
    <NET_INCOME></NET_INCOME>
    <ENQUIRY_PURPOSE>Fraud Investigation</ENQUIRY_PURPOSE>
    <HOMETEL> </HOMETEL>
    <WORK_TEL> </WORK_TEL>
    <CRIT_CELL_NUM></CRIT_CELL_NUM>
  </ROW>
</EnqCC_SRCHCRITERIA>
<EnqCC_ACTIVITIES>
  <ROW num="1">
    <ENQUIRIES>9</ENQUIRIES>
    <LOANS>0</LOANS>
    <JUDGEMENTS>0</JUDGEMENTS>
    <NOTICES>0</NOTICES>
    <COLLECTIONS>0</COLLECTIONS>
    <ADMINORDERS>0</ADMINORDERS>
    <BALANCE>0</BALANCE>
    <INSTALLMENT>0</INSTALLMENT>
  </ROW>
</EnqCC_ACTIVITIES>
<EnqCC_CompuSCORE>
  <ROW num="1">
    <RISK_TYPE>VERY HIGH RISK</RISK_TYPE>
    <RISK_COLOUR_R>233</RISK_COLOUR_R>
    <RISK_COLOUR_G>13</RISK_COLOUR_G>
    <RISK_COLOUR_B>13</RISK_COLOUR_B>
    <SCORE>4</SCORE>
    <DECLINE_R_1></DECLINE_R_1>
    <DECLINE_R_2></DECLINE_R_2>
    <DECLINE_R_3></DECLINE_R_3>
    <DECLINE_R_4></DECLINE_R_4>
    <DECLINE_R_5></DECLINE_R_5>
    <THIN_FILE_INDICATOR>Y</THIN_FILE_INDICATOR>
    <VERSION>3</VERSION>
    <SCORE_TYPE>CU</SCORE_TYPE>
  </ROW>
</EnqCC_CompuSCORE>
<EnqCC_STATS>
  <ROW num="1">
    <CC_JUDGE_12_CNT>0</CC_JUDGE_12_CNT>
    <CC_JUDGE_24_CNT>0</CC_JUDGE_24_CNT>
    <CC_JUDGE_36_CNT>0</CC_JUDGE_36_CNT>
    <CC_NOTICE_12_CNT>0</CC_NOTICE_12_CNT>
    <CC_NOTICE_24_CNT>0</CC_NOTICE_24_CNT>
    <CC_NOTICE_36_CNT>0</CC_NOTICE_36_CNT>
    <CC_ADVERSE_12_CNT>0</CC_ADVERSE_12_CNT>
    <CC_ADVERSE_24_CNT>0</CC_ADVERSE_24_CNT>
    <CC_ADVERSE_36_CNT>0</CC_ADVERSE_36_CNT>
    <CC_EVO_ADVERSE_12_CNT>0</CC_EVO_ADVERSE_12_CNT>
    <CC_EVO_ADVERSE_24_CNT>0</CC_EVO_ADVERSE_24_CNT>
    <CC_EVO_ADVERSE_36_CNT>0</CC_EVO_ADVERSE_36_CNT>
    <CC_ADVERSE_TOT>0</CC_ADVERSE_TOT>
  </ROW>
</EnqCC_STATS>

<EnqCC_NLR_SUMMARY>
<Summary><NLR_Past_12_Months><Enquiries_by_client>107</Enquiries_by_client><Enquiries_by_other>0</Enquiries_by_other><Positive_loans>0</Positive_loans><Highest_months_in_arrears>0</Highest_months_in_arrears></NLR_Past_12_Months><NLR_Past_24_Months><Enquiries_by_client>107</Enquiries_by_client><Enquiries_by_other>0</Enquiries_by_other><Positive_loans>0</Positive_loans><Highest_months_in_arrears>0</Highest_months_in_arrears></NLR_Past_24_Months><NLR_Past_36_Months><Enquiries_by_client>107</Enquiries_by_client><Enquiries_by_other>0</Enquiries_by_other><Positive_loans>0</Positive_loans><Highest_months_in_arrears>0</Highest_months_in_arrears></NLR_Past_36_Months><NLR_WorstMonthsArrears>0</NLR_WorstMonthsArrears><NLR_ActiveAccounts>0</NLR_ActiveAccounts><NLR_BalanceExposure>0</NLR_BalanceExposure><NLR_MonthlyInstallment>0</NLR_MonthlyInstallment><NLR_CumulativeArrears>0</NLR_CumulativeArrears><NLR_ClosedAccounts>0</NLR_ClosedAccounts><CCA_Past_12_Months><Enquiries_by_client>107</Enquiries_by_client><Enquiries_by_other>0</Enquiries_by_other><Positive_loans>0</Positive_loans><Highest_months_in_arrears>0</Highest_months_in_arrears></CCA_Past_12_Months><CCA_Past_24_Months><Enquiries_by_client>107</Enquiries_by_client><Enquiries_by_other>0</Enquiries_by_other><Positive_loans>0</Positive_loans><Highest_months_in_arrears>0</Highest_months_in_arrears></CCA_Past_24_Months><CCA_Past_36_Months><Enquiries_by_client>107</Enquiries_by_client><Enquiries_by_other>0</Enquiries_by_other><Positive_loans>0</Positive_loans><Highest_months_in_arrears>0</Highest_months_in_arrears></CCA_Past_36_Months><CCA_WorstMonthsArrears>0</CCA_WorstMonthsArrears><CCA_ActiveAccounts>0</CCA_ActiveAccounts><CCA_BalanceExposure>0</CCA_BalanceExposure><CCA_MonthlyInstallment>0</CCA_MonthlyInstallment><CCA_CumulativeArrears>0</CCA_CumulativeArrears><CCA_ClosedAccounts>0</CCA_ClosedAccounts><AdverseAccounts>0</AdverseAccounts><RevolvingAccounts>0</RevolvingAccounts><InstalmentAccounts>0</InstalmentAccounts><OpenAccounts>0</OpenAccounts><HighestJudgement>0</HighestJudgement></Summary>
</EnqCC_NLR_SUMMARY>
<EnqCC_CustomSCORE>
  <ROW num="1">
    <SCORE>597</SCORE>
    <COLOUR>000000</COLOUR>
    <DECLINE_R_1></DECLINE_R_1>
    <DECLINE_R_1_DESC></DECLINE_R_1_DESC>
    <DECLINE_R_2></DECLINE_R_2>
    <DECLINE_R_2_DESC></DECLINE_R_2_DESC>
    <DECLINE_R_3></DECLINE_R_3>
    <DECLINE_R_3_DESC></DECLINE_R_3_DESC>
    <DECLINE_R_4></DECLINE_R_4>
    <DECLINE_R_4_DESC></DECLINE_R_4_DESC>
    <DECLINE_R_5></DECLINE_R_5>
    <DECLINE_R_5_DESC></DECLINE_R_5_DESC>
    <RISK_GRADE></RISK_GRADE>
    <RISK_GRADE_DESC></RISK_GRADE_DESC>
    <THIN_FILE_INDICATOR>N</THIN_FILE_INDICATOR>
    <VERSION></VERSION>
    <SCORE_TYPE>AS</SCORE_TYPE>
    <SCORE_ID>8</SCORE_ID>
    <SHOW_DECLINE_REASONS>Y</SHOW_DECLINE_REASONS>
  </ROW>
</EnqCC_CustomSCORE>
<Enquiry_ID>529596967</Enquiry_ID><CODIX><version>1.0</version><PRODUCTS><product num="1"><product_description>Intellicell Cellphone Product</product_description><outcome>R</outcome><reasons><reason num="1" outcome="R">No. of Enquiries Greater Than Or Equal To 7 In The Last 14 Days</reason><reason num="2" outcome="R">Less Than Or Equal To 3 Months Since Oldest Compuscan Tradeline Was Opened</reason></reasons></product></PRODUCTS></CODIX>
<PINPOINT><ALL_PercPayments2Years>-7</ALL_PercPayments2Years><COL_NumOpenTrades>-7</COL_NumOpenTrades><AU8_NumOpenTrades>-7</AU8_NumOpenTrades>	<VAP_GMIPVALUE>-7</VAP_GMIPVALUE>
	<VAP_GMIPDISCRETIONARYINCOME>-7</VAP_GMIPDISCRETIONARYINCOME>
</PINPOINT>
</ROOT>
