{"account":"9306221018","transactions":[{"sequence":1651833650340001,"date":"09-Feb-2022","description":"TRANSACTION CHARGE","amount":-4.00,"balance":2944.12},{"sequence":1651833650340002,"date":"09-Feb-2022","description":"POS PURCHASE 004189492001 QUOR CITY CARD NO. 2737","amount":-33.00,"balance":2948.12},{"sequence":1651833650340003,"date":"09-Feb-2022","description":"TRANSACTION CHARGE","amount":-4.00,"balance":2981.12},{"sequence":1651833650340004,"date":"09-Feb-2022","description":"POS PURCHASE 003149285617 FOREST DRIVE LI CARD NO. 2737","amount":-45.80,"balance":2985.12},{"sequence":1651833650340005,"date":"09-Feb-2022","description":"TRANSACTION CHARGE","amount":-4.00,"balance":3030.92},{"sequence":1651833650340006,"date":"09-Feb-2022","description":"POS PURCHASE PfFH4T076362 H EERSTERIVIER CARD NO. 2737","amount":-65.00,"balance":3034.92},{"sequence":1651833650340007,"date":"09-Feb-2022","description":"TRANSACTION CHARGE","amount":-18.40,"balance":3099.92},{"sequence":1651833650340008,"date":"09-Feb-2022","description":"ATM WITHDRAWAL CARD NO. 2737","amount":-800.00,"balance":3118.32},{"sequence":1651833650340009,"date":"13-Feb-2022","description":"IMMEDIATE TRF CR REF: CAPITEC Corolla","amount":1500.00,"balance":4395.12},{"sequence":1651833650340010,"date":"13-Feb-2022","description":"TRANSACTION CHARGE","amount":-4.00,"balance":2895.12},{"sequence":1651833650340011,"date":"13-Feb-2022","description":"POS PURCHASE C15238570001 ILD IT EERSTE R CARD NO. 2737","amount":-45.00,"balance":2899.12},{"sequence":1651833650340012,"date":"15-Feb-2022","description":"TRANSACTION CHARGE","amount":-4.00,"balance":6119.63},{"sequence":1651833650340013,"date":"15-Feb-2022","description":"POS PURCHASE SC0214131859 OPRITE EERSTERI CARD NO. 2737","amount":-72.99,"balance":6123.63},{"sequence":1651833650340014,"date":"15-Feb-2022","description":"TRANSACTION CHARGE","amount":-4.00,"balance":6196.62},{"sequence":1651833650340015,"date":"15-Feb-2022","description":"POS PURCHASE 107037649256 H HELDERBERG CARD NO. 2737","amount":-79.00,"balance":6200.62},{"sequence":1651833650340016,"date":"15-Feb-2022","description":"TRANSACTION CHARGE","amount":-4.00,"balance":6279.62},{"sequence":1651833650340017,"date":"15-Feb-2022","description":"POS PURCHASE 000000218514 GEN FOREST DRIV CARD NO. 2737","amount":-100.00,"balance":6283.62},{"sequence":1651833650340018,"date":"15-Feb-2022","description":"TRANSACTION CHARGE","amount":-11.50,"balance":6383.62},{"sequence":1651833650340019,"date":"15-Feb-2022","description":"ATM WITHDRAWAL CARD NO. 2737","amount":-500.00,"balance":6395.12},{"sequence":1651833650340020,"date":"15-Feb-2022","description":"IMMEDIATE TRF CR REF: CAPITEC Corolla","amount":2500.00,"balance":6895.12},{"sequence":1651833650340021,"date":"16-Feb-2022","description":"TRANSACTION CHARGE","amount":-4.00,"balance":5712.55},{"sequence":1651833650340022,"date":"16-Feb-2022","description":"POS PURCHASE 005970043032 perSpar Eerste CARD NO. 2737","amount":-20.08,"balance":5716.55},{"sequence":1651833650340023,"date":"16-Feb-2022","description":"TRANSACTION CHARGE","amount":-4.00,"balance":5736.63},{"sequence":1651833650340024,"date":"16-Feb-2022","description":"POS PURCHASE 029050011658 ps Eersteriver CARD NO. 2737","amount":-31.00,"balance":5740.63},{"sequence":1651833650340025,"date":"16-Feb-2022","description":"TRANSACTION CHARGE","amount":-4.00,"balance":5771.63},{"sequence":1651833650340026,"date":"16-Feb-2022","description":"POS PURCHASE 003161606007 EERSTE RIVER GA CARD NO. 2737","amount":-100.00,"balance":5775.63},{"sequence":1651833650340027,"date":"16-Feb-2022","description":"TRANSACTION CHARGE","amount":-4.00,"balance":5875.63},{"sequence":1651833650340028,"date":"16-Feb-2022","description":"POS PURCHASE PfFH4T083685 H EERSTERIVIER CARD NO. 2737","amount":-240.00,"balance":5879.63},{"sequence":1651833650340029,"date":"17-Feb-2022","description":"TRANSACTION CHARGE","amount":-2.30,"balance":5606.05},{"sequence":1651833650340030,"date":"17-Feb-2022","description":"ATM WITHDRAWAL CARD NO. 2737","amount":-100.00,"balance":5608.35},{"sequence":1651833650340031,"date":"17-Feb-2022","description":"NOTIFICATION FEE","amount":-4.20,"balance":5708.35},{"sequence":1651833650340032,"date":"17-Feb-2022","description":"NOTIFIC FEE SMS SMS NOTIFICATIONS = 0007","amount":0.00,"balance":5712.55},{"sequence":1651833650340033,"date":"18-Feb-2022","description":"TRANSACTION CHARGE","amount":-4.00,"balance":5383.06},{"sequence":1651833650340034,"date":"18-Feb-2022","description":"POS PURCHASE PN0217123002 P HYPER BRACKEN CARD NO. 2737","amount":-114.99,"balance":5387.06},{"sequence":1651833650340035,"date":"18-Feb-2022","description":"TRANSACTION CHARGE","amount":-4.00,"balance":5502.05},{"sequence":1651833650340036,"date":"18-Feb-2022","description":"POS PURCHASE 000000222418 GEN FOREST DRIV CARD NO. 2737","amount":-100.00,"balance":5506.05},{"sequence":1651833650340037,"date":"19-Feb-2022","description":"TRANSACTION CHARGE","amount":-4.00,"balance":5279.06},{"sequence":1651833650340038,"date":"19-Feb-2022","description":"POS PURCHASE 000000223416 GEN FOREST DRIV CARD NO. 2737","amount":-100.00,"balance":5283.06},{"sequence":1651833650340039,"date":"20-Feb-2022","description":"TRANSACTION CHARGE","amount":-4.00,"balance":5071.06},{"sequence":1651833650340040,"date":"20-Feb-2022","description":"POS PURCHASE 041917009948 LTEX SALT RIVER CARD NO. 2737","amount":-100.00,"balance":5075.06},{"sequence":1651833650340041,"date":"20-Feb-2022","description":"TRANSACTION CHARGE","amount":-4.00,"balance":5175.06},{"sequence":1651833650340042,"date":"20-Feb-2022","description":"POS PURCHASE 000000224418 GEN FOREST DRIV CARD NO. 2737","amount":-100.00,"balance":5179.06},{"sequence":1651833650340043,"date":"21-Feb-2022","description":"TRANSACTION CHARGE","amount":-6.90,"balance":4764.16},{"sequence":1651833650340044,"date":"21-Feb-2022","description":"ATM WITHDRAWAL CARD NO. 2737","amount":-300.00,"balance":4771.06},{"sequence":1651833650340045,"date":"22-Feb-2022","description":"TRANSACTION CHARGE","amount":-6.00,"balance":4376.57},{"sequence":1651833650340046,"date":"22-Feb-2022","description":"POS PURC & CASH 049250018592 perSpar Eerste CARD NO. 2737","amount":-173.59,"balance":4382.57},{"sequence":1651833650340047,"date":"22-Feb-2022","description":"TRANSACTION CHARGE","amount":-4.00,"balance":4556.16},{"sequence":1651833650340048,"date":"22-Feb-2022","description":"POS PURCHASE 000000842517 ELL BERKLEY MOT CARD NO. 2737","amount":-100.00,"balance":4560.16},{"sequence":1651833650340049,"date":"22-Feb-2022","description":"TRANSACTION CHARGE","amount":-4.00,"balance":4660.16},{"sequence":1651833650340050,"date":"22-Feb-2022","description":"POS PURCHASE 000000225414 GEN FOREST DRIV CARD NO. 2737","amount":-100.00,"balance":4664.16},{"sequence":1651833650340051,"date":"23-Feb-2022","description":"TRANSACTION CHARGE","amount":-4.00,"balance":4168.57},{"sequence":1651833650340052,"date":"23-Feb-2022","description":"POS PURCHASE 000000227416 GEN FOREST DRIV CARD NO. 2737","amount":-100.00,"balance":4172.57},{"sequence":1651833650340053,"date":"23-Feb-2022","description":"TRANSACTION CHARGE","amount":-4.00,"balance":4272.57},{"sequence":1651833650340054,"date":"23-Feb-2022","description":"POS PURCHASE 000000139618 GEN PINE PLACE CARD NO. 2737","amount":-100.00,"balance":4276.57},{"sequence":1651833650340055,"date":"24-Feb-2022","description":"CASHSEND INET BANK ABSA BANK cash CARD NO. 2737","amount":-200.00,"balance":2220.07},{"sequence":1651833650340056,"date":"24-Feb-2022","description":"TRANSACTION CHARGE","amount":-4.00,"balance":2420.07},{"sequence":1651833650340057,"date":"24-Feb-2022","description":"POS PURCHASE 000001294007 QUOR ISLAND CARD NO. 2737","amount":-103.50,"balance":2424.07},{"sequence":1651833650340058,"date":"24-Feb-2022","description":"TRANSACTION CHARGE","amount":-4.00,"balance":2527.57},{"sequence":1651833650340059,"date":"24-Feb-2022","description":"POS PURCHASE PfFH4T091040 H EERSTERIVIER CARD NO. 2737","amount":-1600.00,"balance":2531.57},{"sequence":1651833650340060,"date":"24-Feb-2022","description":"TRANSACTION CHARGE","amount":-4.00,"balance":4131.57},{"sequence":1651833650340061,"date":"24-Feb-2022","description":"POS PURCHASE 004226338428 QUOR CITY CARD NO. 2737","amount":-33.00,"balance":4135.57},{"sequence":1651833650340062,"date":"25-Feb-2022","description":"TRANSACTION CHARGE","amount":-2.30,"balance":1874.27},{"sequence":1651833650340063,"date":"25-Feb-2022","description":"ATM WITHDRAWAL CARD NO. 2737","amount":-100.00,"balance":1876.57},{"sequence":1651833650340064,"date":"25-Feb-2022","description":"TRANSACTION CHARGE","amount":-2.00,"balance":1976.57},{"sequence":1651833650340065,"date":"25-Feb-2022","description":"POS CASH WDL P0AIn0044105 LA HARDWARE CC CARD NO. 2737","amount":-52.00,"balance":1978.57},{"sequence":1651833650340066,"date":"25-Feb-2022","description":"TRANSACTION CHARGE","amount":-4.00,"balance":2030.57},{"sequence":1651833650340067,"date":"25-Feb-2022","description":"POS PURCHASE 000001295010 QUOR ISLAND CARD NO. 2737","amount":-81.50,"balance":2034.57},{"sequence":1651833650340068,"date":"25-Feb-2022","description":"TRANSACTION CHARGE","amount":-4.00,"balance":2116.07},{"sequence":1651833650340069,"date":"25-Feb-2022","description":"POS PURCHASE 000000229419 GEN FOREST DRIV CARD NO. 2737","amount":-100.00,"balance":2120.07},{"sequence":1651833650340070,"date":"26-Feb-2022","description":"TRANSACTION CHARGE","amount":-4.00,"balance":1679.27},{"sequence":1651833650340071,"date":"26-Feb-2022","description":"POS PURCHASE 003181597340 FOREST DRIVE LI CARD NO. 2737","amount":-37.00,"balance":1683.27},{"sequence":1651833650340072,"date":"26-Feb-2022","description":"TRANSACTION CHARGE","amount":-4.00,"balance":1720.27},{"sequence":1651833650340073,"date":"26-Feb-2022","description":"POS PURCHASE 000000230419 GEN FOREST DRIV CARD NO. 2737","amount":-150.00,"balance":1724.27},{"sequence":1651833650340074,"date":"27-Feb-2022","description":"INTERNET BANK FEE","amount":-4.60,"balance":1314.89},{"sequence":1651833650340075,"date":"27-Feb-2022","description":"ABSA DIRECT INET/MOB FEE/FOOI","amount":0.00,"balance":1319.49},{"sequence":1651833650340076,"date":"27-Feb-2022","description":"TRANSACTION CHARGE","amount":-4.00,"balance":1319.49},{"sequence":1651833650340077,"date":"27-Feb-2022","description":"POS PURCHASE 003183179043 DEFY MILNERTON CARD NO. 2737","amount":-33.28,"balance":1323.49},{"sequence":1651833650340078,"date":"27-Feb-2022","description":"TRANSACTION CHARGE","amount":-4.00,"balance":1356.77},{"sequence":1651833650340079,"date":"27-Feb-2022","description":"POS PURCHASE 000001592023 P-INN DRANKWINK CARD NO. 2737","amount":-51.00,"balance":1360.77},{"sequence":1651833650340080,"date":"27-Feb-2022","description":"TRANSACTION CHARGE","amount":-4.00,"balance":1411.77},{"sequence":1651833650340081,"date":"27-Feb-2022","description":"POS PURCHASE 004232121050 QUOR CITY CARD NO. 2737","amount":-59.50,"balance":1415.77},{"sequence":1651833650340082,"date":"27-Feb-2022","description":"TRANSACTION CHARGE","amount":-4.00,"balance":1475.27},{"sequence":1651833650340083,"date":"27-Feb-2022","description":"POS PURCHASE 000000231419 GEN FOREST DRIV CARD NO. 2737","amount":-200.00,"balance":1479.27},{"sequence":1651833650340084,"date":"28-Feb-2022","description":"CASH DEPOSIT FEE","amount":-23.00,"balance":2291.89},{"sequence":1651833650340085,"date":"28-Feb-2022","description":"CARDLESS CASH DEP REF: own CELL NR: 4920","amount":1000.00,"balance":2314.89},{"sequence":1651833650340086,"date":"01-Mar-2022","description":"TRANSACTION CHARGE","amount":-4.00,"balance":1615.03},{"sequence":1651833650340087,"date":"01-Mar-2022","description":"POS PURCHASE SC0228102931 AVE BROOKLYN CARD NO. 2737","amount":-62.87,"balance":1619.03},{"sequence":1651833650340088,"date":"01-Mar-2022","description":"TRANSACTION CHARGE","amount":-4.00,"balance":1681.90},{"sequence":1651833650340089,"date":"01-Mar-2022","description":"POS PURCHASE 000001562051 P-INN DRANKWINK CARD NO. 2737","amount":-33.00,"balance":1685.90},{"sequence":1651833650340090,"date":"01-Mar-2022","description":"TRAN FEE RECOVERED","amount":-6.00,"balance":1718.90},{"sequence":1651833650340091,"date":"01-Mar-2022","description":"TRAN FEE RECOVERED","amount":0.00,"balance":1724.90},{"sequence":1651833650340092,"date":"01-Mar-2022","description":"TRANSACTION CHARGE ( PENDING )","amount":-6.00,"balance":1724.90},{"sequence":1651833650340093,"date":"01-Mar-2022","description":"POS PURC & CASH SC0227111456 OPRITE EERSTERI CARD NO. 2737","amount":-308.99,"balance":1724.90},{"sequence":1651833650340094,"date":"01-Mar-2022","description":"TRANSACTION CHARGE","amount":-4.00,"balance":2033.89},{"sequence":1651833650340095,"date":"01-Mar-2022","description":"POS PURCHASE 000000232513 GEN FOREST DRIV CARD NO. 2737","amount":-150.00,"balance":2037.89},{"sequence":1651833650340096,"date":"01-Mar-2022","description":"TRANSACTION CHARGE","amount":-4.00,"balance":2187.89},{"sequence":1651833650340097,"date":"01-Mar-2022","description":"POS PURCHASE 000000232517 GEN FOREST DRIV CARD NO. 2737","amount":-100.00,"balance":2191.89},{"sequence":1651833650340098,"date":"02-Mar-2022","description":"TRANSACTION CHARGE ( PENDING )","amount":-4.00,"balance":787.03},{"sequence":1651833650340099,"date":"02-Mar-2022","description":"POS PURCHASE 002207038854 MODERN AUTO MID CARD NO. 2737","amount":-828.00,"balance":787.03},{"sequence":1651833650340100,"date":"03-Mar-2022","description":"TRANSACTION CHARGE","amount":-4.00,"balance":408.03},{"sequence":1651833650340101,"date":"03-Mar-2022","description":"POS PURCHASE 000001565076 P-INN DRANKWINK CARD NO. 2737","amount":-33.00,"balance":412.03},{"sequence":1651833650340102,"date":"03-Mar-2022","description":"TRAN FEE RECOVERED","amount":-4.00,"balance":445.03},{"sequence":1651833650340103,"date":"03-Mar-2022","description":"TRAN FEE RECOVERED","amount":0.00,"balance":449.03},{"sequence":1651833650340104,"date":"03-Mar-2022","description":"TRANSACTION CHARGE","amount":-4.00,"balance":449.03},{"sequence":1651833650340105,"date":"03-Mar-2022","description":"POS PURCHASE 000000235410 GEN FOREST DRIV CARD NO. 2737","amount":-100.00,"balance":453.03},{"sequence":1651833650340106,"date":"03-Mar-2022","description":"TRANSACTION CHARGE ( PENDING )","amount":-4.00,"balance":553.03},{"sequence":1651833650340107,"date":"03-Mar-2022","description":"POS PURCHASE 000000852414 ELL BERKLEY MOT CARD NO. 2737","amount":-200.00,"balance":553.03},{"sequence":1651833650340108,"date":"03-Mar-2022","description":"TRAN FEE RECOVERED","amount":-4.00,"balance":753.03},{"sequence":1651833650340109,"date":"03-Mar-2022","description":"TRAN FEE RECOVERED","amount":0.00,"balance":757.03},{"sequence":1651833650340110,"date":"03-Mar-2022","description":"ADMINISTRATION FEE","amount":-30.00,"balance":757.03},{"sequence":1651833650340111,"date":"03-Mar-2022","description":"ADMIN FEE","amount":0.00,"balance":787.03},{"sequence":1651833650340112,"date":"04-Mar-2022","description":"TRANSACTION CHARGE","amount":-4.00,"balance":82.14},{"sequence":1651833650340113,"date":"04-Mar-2022","description":"POS PURCHASE SC0303142525 OPRITE EERSTERI CARD NO. 2737","amount":-64.99,"balance":86.14},{"sequence":1651833650340114,"date":"04-Mar-2022","description":"TRANSACTION CHARGE","amount":-4.00,"balance":151.13},{"sequence":1651833650340115,"date":"04-Mar-2022","description":"POS PURCHASE 003196043122 FOREST DRIVE LI CARD NO. 2737","amount":-31.50,"balance":155.13},{"sequence":1651833650340116,"date":"04-Mar-2022","description":"TRAN FEE RECOVERED","amount":-4.00,"balance":186.63},{"sequence":1651833650340117,"date":"04-Mar-2022","description":"TRAN FEE RECOVERED","amount":0.00,"balance":190.63},{"sequence":1651833650340118,"date":"04-Mar-2022","description":"TRANSACTION CHARGE ( PENDING )","amount":-4.00,"balance":190.63},{"sequence":1651833650340119,"date":"04-Mar-2022","description":"POS PURCHASE 000000236318 GEN FOREST DRIV CARD NO. 2737","amount":-200.00,"balance":190.63},{"sequence":1651833650340120,"date":"04-Mar-2022","description":"NOTIFICATION FEE","amount":-17.40,"balance":390.63},{"sequence":1651833650340121,"date":"04-Mar-2022","description":"NOTIFIC FEE SMS SMS NOTIFICATIONS = 0029","amount":0.00,"balance":408.03},{"sequence":1651833650340122,"date":"09-Mar-2022","description":"IMMEDIATE TRF CR REF: CAPITEC Corolla","amount":2000.00,"balance":2082.14},{"sequence":1651833650340123,"date":"16-Mar-2022","description":"IMMEDIATE TRF CR REF: CAPITEC Corolla","amount":2000.00,"balance":4082.14},{"sequence":1651833650340124,"date":"17-Mar-2022","description":"TRANSACTION CHARGE","amount":-4.00,"balance":3872.24},{"sequence":1651833650340125,"date":"17-Mar-2022","description":"POS PURCHASE 000001318018 QUOR ISLAND CARD NO. 2737","amount":-103.00,"balance":3876.24},{"sequence":1651833650340126,"date":"17-Mar-2022","description":"TRANSACTION CHARGE","amount":-2.30,"balance":3979.24},{"sequence":1651833650340127,"date":"17-Mar-2022","description":"ATM WITHDRAWAL CARD NO. 2737","amount":-100.00,"balance":3981.54},{"sequence":1651833650340128,"date":"17-Mar-2022","description":"TRANSACTION CHARGE","amount":2.30,"balance":4081.54},{"sequence":1651833650340129,"date":"17-Mar-2022","description":"ATM WITHDRAWAL COR CARD NO. 2737","amount":100.00,"balance":4079.24},{"sequence":1651833650340130,"date":"17-Mar-2022","description":"TRANSACTION CHARGE","amount":-2.30,"balance":3979.24},{"sequence":1651833650340131,"date":"17-Mar-2022","description":"ATM WITHDRAWAL CARD NO. 2737","amount":-100.00,"balance":3981.54},{"sequence":1651833650340132,"date":"17-Mar-2022","description":"TRANSACTION CHARGE","amount":2.30,"balance":4081.54},{"sequence":1651833650340133,"date":"17-Mar-2022","description":"ATM WITHDRAWAL COR CARD NO. 2737","amount":100.00,"balance":4079.24},{"sequence":1651833650340134,"date":"17-Mar-2022","description":"TRANSACTION CHARGE","amount":-2.30,"balance":3979.24},{"sequence":1651833650340135,"date":"17-Mar-2022","description":"ATM WITHDRAWAL CARD NO. 2737","amount":-100.00,"balance":3981.54},{"sequence":1651833650340136,"date":"17-Mar-2022","description":"NOTIFICATION FEE","amount":-0.60,"balance":4081.54},{"sequence":1651833650340137,"date":"17-Mar-2022","description":"NOTIFIC FEE SMS SMS NOTIFICATIONS = 0001","amount":0.00,"balance":4082.14},{"sequence":1651833650340138,"date":"18-Mar-2022","description":"TRANSACTION CHARGE","amount":-4.00,"balance":3808.24},{"sequence":1651833650340139,"date":"18-Mar-2022","description":"POS PURCHASE 000001319018 QUOR ISLAND CARD NO. 2737","amount":-60.00,"balance":3812.24},{"sequence":1651833650340140,"date":"22-Mar-2022","description":"TRANSACTION CHARGE","amount":-13.80,"balance":3194.44},{"sequence":1651833650340141,"date":"22-Mar-2022","description":"ATM WITHDRAWAL CARD NO. 2737","amount":-600.00,"balance":3208.24},{"sequence":1651833650340142,"date":"23-Mar-2022","description":"TRANSACTION CHARGE","amount":-6.00,"balance":3064.55},{"sequence":1651833650340143,"date":"23-Mar-2022","description":"POS PURC & CASH SC0321130003 OPRITE EERSTERI CARD NO. 2737","amount":-123.89,"balance":3070.55},{"sequence":1651833650340144,"date":"24-Mar-2022","description":"TRANSACTION CHARGE","amount":-4.00,"balance":2997.45},{"sequence":1651833650340145,"date":"24-Mar-2022","description":"POS PURCHASE P0697F359799 SH CRUSADERS CARD NO. 2737","amount":-1499.90,"balance":3001.45},{"sequence":1651833650340146,"date":"24-Mar-2022","description":"TRANSACTION CHARGE","amount":-4.00,"balance":4501.35},{"sequence":1651833650340147,"date":"24-Mar-2022","description":"POS PURCHASE 000000220318 ELL EERSTE RIVE CARD NO. 2737","amount":-200.00,"balance":4505.35},{"sequence":1651833650340148,"date":"24-Mar-2022","description":"TRANSACTION CHARGE","amount":-9.20,"balance":4705.35},{"sequence":1651833650340149,"date":"24-Mar-2022","description":"ATM WITHDRAWAL CARD NO. 2737","amount":-350.00,"balance":4714.55},{"sequence":1651833650340150,"date":"24-Mar-2022","description":"IMMEDIATE TRF CR REF: CAPITEC Corolla","amount":2000.00,"balance":5064.55},{"sequence":1651833650340151,"date":"25-Mar-2022","description":"TRANSACTION CHARGE","amount":-6.90,"balance":1521.94},{"sequence":1651833650340152,"date":"25-Mar-2022","description":"ATM WITHDRAWAL CARD NO. 2737","amount":-250.00,"balance":1528.84},{"sequence":1651833650340153,"date":"25-Mar-2022","description":"TRANSACTION CHARGE","amount":-6.00,"balance":1778.84},{"sequence":1651833650340154,"date":"25-Mar-2022","description":"POS PURC & CASH PN0324124414 P FAMILY STORE CARD NO. 2737","amount":-1212.61,"balance":1784.84},{"sequence":1651833650340155,"date":"26-Mar-2022","description":"TRANSACTION CHARGE","amount":-4.00,"balance":1397.34},{"sequence":1651833650340156,"date":"26-Mar-2022","description":"POS PURCHASE 000001926023 P-INN DRANKWINK CARD NO. 2737","amount":-120.60,"balance":1401.34},{"sequence":1651833650340157,"date":"27-Mar-2022","description":"TRANSACTION CHARGE","amount":-4.00,"balance":143.07},{"sequence":1651833650340158,"date":"27-Mar-2022","description":"POS PURCHASE 200700064677 ICKS 2007 SANDB CARD NO. 2737","amount":-67.27,"balance":147.07},{"sequence":1651833650340159,"date":"27-Mar-2022","description":"TRAN FEE RECOVERED","amount":-4.00,"balance":214.34},{"sequence":1651833650340160,"date":"27-Mar-2022","description":"TRAN FEE RECOVERED","amount":0.00,"balance":218.34},{"sequence":1651833650340161,"date":"27-Mar-2022","description":"TRANSACTION CHARGE ( PENDING )","amount":-4.00,"balance":218.34},{"sequence":1651833650340162,"date":"27-Mar-2022","description":"POS PURCHASE 000000261413 GEN FOREST DRIV CARD NO. 2737","amount":-150.00,"balance":218.34},{"sequence":1651833650340163,"date":"27-Mar-2022","description":"TRANSACTION CHARGE","amount":-29.00,"balance":368.34},{"sequence":1651833650340164,"date":"27-Mar-2022","description":"ATM WITHDRAWAL CARD NO. 2737","amount":-1000.00,"balance":397.34},{"sequence":1651833650340165,"date":"30-Mar-2022","description":"IMMEDIATE TRF CR REF: CAPITEC Corolla","amount":2000.00,"balance":2143.07},{"sequence":1651833650340166,"date":"01-Apr-2022","description":"DIRECT CREDIT homeloan","amount":300.00,"balance":2443.07},{"sequence":1651833650340167,"date":"03-Apr-2022","description":"TRANSACTION CHARGE","amount":-4.00,"balance":2158.67},{"sequence":1651833650340168,"date":"03-Apr-2022","description":"POS PURCHASE P00000345060 GIN FREE RANGE CARD NO. 2737","amount":-250.40,"balance":2162.67},{"sequence":1651833650340169,"date":"03-Apr-2022","description":"ADMINISTRATION FEE","amount":-30.00,"balance":2413.07},{"sequence":1651833650340170,"date":"03-Apr-2022","description":"ADMIN FEE","amount":0.00,"balance":2443.07},{"sequence":1651833650340171,"date":"05-Apr-2022","description":"IMMEDIATE TRF CR REF: CAPITEC Corolla","amount":2000.00,"balance":3620.59},{"sequence":1651833650340172,"date":"05-Apr-2022","description":"TRAN FEE RECOVERED","amount":-6.00,"balance":1620.59},{"sequence":1651833650340173,"date":"05-Apr-2022","description":"TRAN FEE RECOVERED","amount":0.00,"balance":1626.59},{"sequence":1651833650340174,"date":"05-Apr-2022","description":"TRANSACTION CHARGE ( PENDING )","amount":-6.00,"balance":1626.59},{"sequence":1651833650340175,"date":"05-Apr-2022","description":"POS PURC & CASH SC0404160229 OPRITE EERSTERI CARD NO. 2737","amount":-314.98,"balance":1626.59},{"sequence":1651833650340176,"date":"05-Apr-2022","description":"TRAN FEE RECOVERED","amount":-4.00,"balance":1941.57},{"sequence":1651833650340177,"date":"05-Apr-2022","description":"TRAN FEE RECOVERED","amount":0.00,"balance":1945.57},{"sequence":1651833650340178,"date":"05-Apr-2022","description":"TRANSACTION CHARGE ( PENDING )","amount":-4.00,"balance":1945.57},{"sequence":1651833650340179,"date":"05-Apr-2022","description":"POS PURCHASE 004328962175 SH CRUSADERS SO CARD NO. 2737","amount":-199.90,"balance":1945.57},{"sequence":1651833650340180,"date":"05-Apr-2022","description":"NOTIFICATION FEE","amount":-13.20,"balance":2145.47},{"sequence":1651833650340181,"date":"05-Apr-2022","description":"NOTIFIC FEE SMS SMS NOTIFICATIONS = 0022","amount":0.00,"balance":2158.67},{"sequence":1651833650340182,"date":"06-Apr-2022","description":"TRANSACTION CHARGE","amount":-4.00,"balance":2856.09},{"sequence":1651833650340183,"date":"06-Apr-2022","description":"POS PURCHASE 003259973234 VIKING FISHING CARD NO. 2737","amount":-656.50,"balance":2860.09},{"sequence":1651833650340184,"date":"06-Apr-2022","description":"TRANSACTION CHARGE","amount":-4.00,"balance":3516.59},{"sequence":1651833650340185,"date":"06-Apr-2022","description":"POS PURCHASE 000000182610 GEN PINE PLACE CARD NO. 2737","amount":-100.00,"balance":3520.59},{"sequence":1651833650340186,"date":"07-Apr-2022","description":"TRANSACTION CHARGE","amount":-4.00,"balance":2249.19},{"sequence":1651833650340187,"date":"07-Apr-2022","description":"POS PURCHASE 021485612007 ant Sweets Eppi CARD NO. 2737","amount":-602.90,"balance":2253.19},{"sequence":1651833650340188,"date":"08-Apr-2022","description":"TRANSACTION CHARGE","amount":-4.00,"balance":2145.19},{"sequence":1651833650340189,"date":"08-Apr-2022","description":"POS PURCHASE 000000273313 GEN FOREST DRIV CARD NO. 2737","amount":-100.00,"balance":2149.19},{"sequence":1651833650340190,"date":"09-Apr-2022","description":"TRANSACTION CHARGE","amount":-4.00,"balance":2081.19},{"sequence":1651833650340191,"date":"09-Apr-2022","description":"POS PURCHASE 000001340005 QUOR ISLAND CARD NO. 2737","amount":-60.00,"balance":2085.19},{"sequence":1651833650340192,"date":"10-Apr-2022","description":"TRANSACTION CHARGE","amount":-4.00,"balance":1922.19},{"sequence":1651833650340193,"date":"10-Apr-2022","description":"POS PURCHASE 000001941023 P-INN DRANKWINK CARD NO. 2737","amount":-51.00,"balance":1926.19},{"sequence":1651833650340194,"date":"10-Apr-2022","description":"TRANSACTION CHARGE","amount":-4.00,"balance":1977.19},{"sequence":1651833650340195,"date":"10-Apr-2022","description":"POS PURCHASE 120049643453 MILNERTON SERVI CARD NO. 2737","amount":-100.00,"balance":1981.19},{"sequence":1651833650340196,"date":"12-Apr-2022","description":"IMMEDIATE TRF CR REF: CAPITEC Corolla","amount":2000.00,"balance":3922.19},{"sequence":1651833650340197,"date":"13-Apr-2022","description":"TRANSACTION CHARGE","amount":-4.00,"balance":3496.22},{"sequence":1651833650340198,"date":"13-Apr-2022","description":"POS PURCHASE 153900028213 ICKS 1539 ZEVEN CARD NO. 2737","amount":-421.97,"balance":3500.22},{"sequence":1651833650340199,"date":"14-Apr-2022","description":"TRANSACTION CHARGE","amount":-6.90,"balance":3189.32},{"sequence":1651833650340200,"date":"14-Apr-2022","description":"ATM WITHDRAWAL CARD NO. 2737","amount":-300.00,"balance":3196.22},{"sequence":1651833650340201,"date":"15-Apr-2022","description":"INETBNK PAY DEBIT ABSA BANK PS3 Eric Jeanne","amount":-1380.00,"balance":1809.32},{"sequence":1651833650340202,"date":"17-Apr-2022","description":"TRANSACTION CHARGE","amount":-1.50,"balance":963.82},{"sequence":1651833650340203,"date":"17-Apr-2022","description":"PREPAID DEBIT ELECTRICITY: 07044432297 CARD NO. 1018","amount":-100.00,"balance":965.32},{"sequence":1651833650340204,"date":"17-Apr-2022","description":"TRANSACTION CHARGE","amount":-4.00,"balance":1065.32},{"sequence":1651833650340205,"date":"17-Apr-2022","description":"POS PURCHASE 000810830359 ySafair HDC59N- CARD NO. 2737","amount":-740.00,"balance":1069.32},{"sequence":1651833650340206,"date":"18-Apr-2022","description":"TRANSACTION CHARGE","amount":-2.30,"balance":861.52},{"sequence":1651833650340207,"date":"18-Apr-2022","description":"ATM WITHDRAWAL CARD NO. 2737","amount":-100.00,"balance":863.82},{"sequence":1651833650340208,"date":"20-Apr-2022","description":"TRANSACTION CHARGE ( PENDING )","amount":-4.00,"balance":512.58},{"sequence":1651833650340209,"date":"20-Apr-2022","description":"POS PURCHASE 054297020634 perSpar Eerste CARD NO. 2737","amount":-341.14,"balance":512.58},{"sequence":1651833650340210,"date":"20-Apr-2022","description":"NOTIFICATION FEE","amount":-7.80,"balance":853.72},{"sequence":1651833650340211,"date":"20-Apr-2022","description":"NOTIFIC FEE SMS SMS NOTIFICATIONS = 0013","amount":0.00,"balance":861.52},{"sequence":1651833650340212,"date":"21-Apr-2022","description":"TRANSACTION CHARGE","amount":-4.00,"balance":304.58},{"sequence":1651833650340213,"date":"21-Apr-2022","description":"POS PURCHASE 000000286313 GEN FOREST DRIV CARD NO. 2737","amount":-200.00,"balance":308.58},{"sequence":1651833650340214,"date":"21-Apr-2022","description":"TRAN FEE RECOVERED","amount":-4.00,"balance":508.58},{"sequence":1651833650340215,"date":"21-Apr-2022","description":"TRAN FEE RECOVERED","amount":0.00,"balance":512.58},{"sequence":1651833650340216,"date":"22-Apr-2022","description":"IMMEDIATE TRF CR REF: CAPITEC Corolla","amount":1050.00,"balance":1300.68},{"sequence":1651833650340217,"date":"22-Apr-2022","description":"TRANSACTION CHARGE","amount":-4.00,"balance":250.68},{"sequence":1651833650340218,"date":"22-Apr-2022","description":"POS PURCHASE 220421132122 ST PACK SOMERSE CARD NO. 2737","amount":-49.90,"balance":254.68},{"sequence":1651833650340219,"date":"23-Apr-2022","description":"TRANSACTION CHARGE","amount":-1.50,"balance":1199.18},{"sequence":1651833650340220,"date":"23-Apr-2022","description":"PREPAID DEBIT ELECTRICITY: 07044432297 CARD NO. 1018","amount":-100.00,"balance":1200.68},{"sequence":1651833650340221,"date":"27-Apr-2022","description":"TRANSACTION CHARGE","amount":-1.50,"balance":2893.08},{"sequence":1651833650340222,"date":"27-Apr-2022","description":"PREPAID DEBIT ELECTRICITY: 07044432297 CARD NO. 1018","amount":-100.00,"balance":2894.58},{"sequence":1651833650340223,"date":"27-Apr-2022","description":"TRANSACTION CHARGE","amount":-2.30,"balance":2994.58},{"sequence":1651833650340224,"date":"27-Apr-2022","description":"ATM WITHDRAWAL CARD NO. 2737","amount":-100.00,"balance":2996.88},{"sequence":1651833650340225,"date":"27-Apr-2022","description":"TRANSACTION CHARGE","amount":-2.30,"balance":3096.88},{"sequence":1651833650340226,"date":"27-Apr-2022","description":"ATM WITHDRAWAL CARD NO. 2737","amount":-100.00,"balance":3099.18},{"sequence":1651833650340227,"date":"27-Apr-2022","description":"IMMEDIATE TRF CR REF: CAPITEC Corolla","amount":2000.00,"balance":3199.18},{"sequence":1651833650340228,"date":"29-Apr-2022","description":"TRANSACTION CHARGE","amount":-4.00,"balance":2591.26},{"sequence":1651833650340229,"date":"29-Apr-2022","description":"POS PURCHASE 000001618125 P-INN DRANKWINK CARD NO. 2737","amount":-38.00,"balance":2595.26},{"sequence":1651833650340230,"date":"29-Apr-2022","description":"TRANSACTION CHARGE","amount":-4.00,"balance":2633.26},{"sequence":1651833650340231,"date":"29-Apr-2022","description":"POS PURCHASE SC0427170711 OPRITE EERSTERI CARD NO. 2737","amount":-255.82,"balance":2637.26},{"sequence":1651833650340232,"date":"30-Apr-2022","description":"INTERNET BANK FEE","amount":-17.50,"balance":1773.25},{"sequence":1651833650340233,"date":"30-Apr-2022","description":"ABSA DIRECT INET/MOB FEE/FOOI","amount":0.00,"balance":1790.75},{"sequence":1651833650340234,"date":"30-Apr-2022","description":"TRANSACTION CHARGE","amount":-4.00,"balance":1790.75},{"sequence":1651833650340235,"date":"30-Apr-2022","description":"POS PURCHASE 363735459926 co *Hildas Fr CARD NO. 2737","amount":-227.00,"balance":1794.75},{"sequence":1651833650340236,"date":"30-Apr-2022","description":"TRANSACTION CHARGE","amount":-6.00,"balance":2021.75},{"sequence":1651833650340237,"date":"30-Apr-2022","description":"POS PURC & CASH SC0429183210 OPRITE EERSTERI CARD NO. 2737","amount":-275.70,"balance":2027.75},{"sequence":1651833650340238,"date":"30-Apr-2022","description":"TRANSACTION CHARGE","amount":-4.00,"balance":2303.45},{"sequence":1651833650340239,"date":"30-Apr-2022","description":"POS PURCHASE 049848020044 perSpar Eerste CARD NO. 2737","amount":-79.81,"balance":2307.45},{"sequence":1651833650340240,"date":"30-Apr-2022","description":"TRANSACTION CHARGE","amount":-4.00,"balance":2387.26},{"sequence":1651833650340241,"date":"30-Apr-2022","description":"POS PURCHASE 000000295513 GEN FOREST DRIV CARD NO. 2737","amount":-200.00,"balance":2391.26},{"sequence":1651833650340242,"date":"01-May-2022","description":"TRANSACTION CHARGE","amount":-4.00,"balance":1569.25},{"sequence":1651833650340243,"date":"01-May-2022","description":"POS PURCHASE 000000237518 ELL MOTHER CITY CARD NO. 2737","amount":-200.00,"balance":1573.25},{"sequence":1651833650340244,"date":"03-May-2022","description":"TRANSACTION CHARGE","amount":1.50,"balance":1539.25},{"sequence":1651833650340245,"date":"03-May-2022","description":"PREPAID DEBIT CORR ELECTRICITY: 07044432297 CARD NO. 1018","amount":100.00,"balance":1537.75},{"sequence":1651833650340246,"date":"03-May-2022","description":"TRANSACTION CHARGE","amount":-1.50,"balance":1437.75},{"sequence":1651833650340247,"date":"03-May-2022","description":"PREPAID DEBIT ELECTRICITY: 07044432297 CARD NO. 1018","amount":-100.00,"balance":1439.25},{"sequence":1651833650340248,"date":"03-May-2022","description":"TRANSACTION CHARGE","amount":1.50,"balance":1539.25},{"sequence":1651833650340249,"date":"03-May-2022","description":"PREPAID DEBIT CORR ELECTRICITY: 07044432297 CARD NO. 1018","amount":100.00,"balance":1537.75},{"sequence":1651833650340250,"date":"03-May-2022","description":"TRANSACTION CHARGE","amount":-1.50,"balance":1437.75},{"sequence":1651833650340251,"date":"03-May-2022","description":"PREPAID DEBIT ELECTRICITY: 07044432297 CARD NO. 1018","amount":-100.00,"balance":1439.25},{"sequence":1651833650340252,"date":"03-May-2022","description":"ADMINISTRATION FEE","amount":-30.00,"balance":1539.25},{"sequence":1651833650340253,"date":"03-May-2022","description":"ADMIN FEE","amount":0.00,"balance":1569.25},{"sequence":1651833650340254,"date":"04-May-2022","description":"TRANSACTION CHARGE","amount":-4.00,"balance":1312.25},{"sequence":1651833650340255,"date":"04-May-2022","description":"POS PURCHASE 003474087123 PA JOES LIQUOR CARD NO. 2737","amount":-29.00,"balance":1316.25},{"sequence":1651833650340256,"date":"04-May-2022","description":"TRANSACTION CHARGE","amount":-4.00,"balance":1345.25},{"sequence":1651833650340257,"date":"04-May-2022","description":"POS PURCHASE 000001966043 P-INN DRANKWINK CARD NO. 2737","amount":-48.00,"balance":1349.25},{"sequence":1651833650340258,"date":"04-May-2022","description":"TRANSACTION CHARGE","amount":-4.00,"balance":1397.25},{"sequence":1651833650340259,"date":"04-May-2022","description":"POS PURCHASE 000001622029 P-INN DRANKWINK CARD NO. 2737","amount":-34.00,"balance":1401.25},{"sequence":1651833650340260,"date":"04-May-2022","description":"TRANSACTION CHARGE","amount":-4.00,"balance":1435.25},{"sequence":1651833650340261,"date":"04-May-2022","description":"POS PURCHASE 000000238318 ELL MOTHER CITY CARD NO. 2737","amount":-100.00,"balance":1439.25},{"sequence":1651833650340262,"date":"05-May-2022","description":"IMMEDIATE TRF CR REF: CAPITEC Corolla","amount":2000.00,"balance":3312.25},{"sequence":1651833650340263,"date":"06-May-2022","description":"NOTIFICATION FEE","amount":-11.40,"balance":3300.85},{"sequence":1651833650340264,"date":"06-May-2022","description":"NOTIFIC FEE SMS SMS NOTIFICATIONS = 0019","amount":0.00,"balance":3312.25}]}